{
    "registeredUser": {
        "id": 1,
        "firstName": "Arctic",
        "lastName": "Leaf",
        "username": "arcticleaf",
        "email": "testcustomer@arcticleaf.io",
        "password": "password1",
        "address": {
            "street": "Cooper Street",
            "suite": "Apt. 901",
            "address2": " ",
            "city": "Ottawa",
            "country": "Canada",
            "state": "Ontario",
            "postalCode": "K2P 2H8",
            "geo": {
                "lat": "-37.3159",
                "lng": "81.1496"
            }
        },
        "phone": "6135198501",
        "website": "https://arcticleaf.io",
        "company": {
            "name": "Arctic Leaf",
            "catchPhrase": "IT Company"
        },
        "comment": "This is a test Order.",
        "creditCard": {
            "creditCardNumber": "4111111111111111",
            "creditCardExpiry": "1022",
            "creditCardName": "Test Order",
            "creditCardCVV": "123"
        }
    },
    "unregisteredUser": {
        "id": 2,
        "firstName": "Arctic",
        "lastName": "Leaf",
        "username": "arcticleaf",
        "email": "testcustomer101@arcticleaf.io",
        "password": "password1",
        "address": {
            "street": "8 Rancho Circle",
            "suite": " ",
            "address2": " ",
            "city": "Lake Forest",
            "country": "United States",
            "state": "California",
            "postalCode": "92630",
            "geo": {
                "lat": "-37.3159",
                "lng": "81.1496"
            }
        },
        "phone": "(949)377-1301",
        "website": "https://arcticleaf.io",
        "company": {
            "name": "Arctic Leaf",
            "catchPhrase": "IT Company"
        },
        "comment": "This is a test Order.",
        "creditCard": {
            "creditCardNumber": "4111111111111111",
            "creditCardExpiry": "1022",
            "creditCardName": "Test Order",
            "creditCardCVV": "123"
        }
    },
    "newUser": {
        "id": 3,
        "firstName": "Arctic Leaf",
        "lastName": "Test",
        "username": "arcticleaf",
        "email": "testcustomer9@arcticleaf.io",
        "password": "password1",
        "address": {
            "street": "8 Rancho Circle",
            "suite": " ",
            "address2": " ",
            "city": "Lake Forest",
            "country": "United States",
            "state": "California",
            "postalCode": "92630",
            "geo": {
                "lat": "-37.3159",
                "lng": "81.1496"
            }
        },
        "phone": "(949)377-1301",
        "website": "https://arcticleaf.io",
        "company": {
            "name": "Arctic Leaf",
            "catchPhrase": "IT Company"
        },
        "comment": "This is a test order.",
        "creditCard": {
            "creditCardNumber": "4111111111111111",
            "creditCardExpiry": "1022",
            "creditCardName": "Test Order",
            "creditCardCVV": "123"
        }
    },
    "invalidUser": {
        "email": "john.smith#arcticleaf.io",
        "password": "321321321"
    }
}
