{
    "productTitle": ".cart-item-name > a",
    "cartElement": ".navUser-item--cart a",
    "cartEmptyBody": ".previewCart-emptyBody",
    "cartDropdownElement": "#cart-preview-dropdown",
    "dropdownViewCartButton": ".previewCartAction-viewCart > .button",
    "productTitleDropdownCart": ".previewCartItem-name",
    "cartBadge": ".cart-quantity",
    "cartDropdownHeaderVisibility": "#cart-preview-dropdown .previewCartHeader",
    "productQuantity": ".form-input--incrementTotal",
    "productTotalPrice": ".cart-item-total",
    "addCouponCodeElement": ".coupon-code-add",
    "couponCodeField": "#couponcode",
    "couponCodeForm": "form.coupon-form",
    "invalidCouponErrorMessage": "#swal2-content",
    "confirmCouponErrorMessage": ".swal2-confirm",
    "closeCouponForm": ".coupon-code-cancel",
    "appliedCouponCodeRow":"ul.cart-totals>li",
    "submitCouponForm": "form.coupon-form",
    "subtotalPrice": ":nth-child(1) > .cart-total-value > span",
    "couponDiscountAmount": ":nth-child(3) > .cart-total-value > span",
    "grandTotal": ".cart-grandTotal > .cart-total-value > span",
    "removeAppliedCoupon": ".cart-total-label > div > a",
    "couponCodeLabel": ".coupon-certificate .cart-total-label",
    "checkoutButton": ".cart-actions-top .button--primary",
    "increaseQty": "button[data-action='inc']"
}