{
    "editCartButton": "#cart-edit-link",
    "couponButton": "a.redeemable-label",
    "couponCodeField": "input[name='redeemableCode']",
    "submitCouponButton": "[data-test=redeemableEntry-submit]",
    "invalidCouponErrorMessage": "div.alertBox-message",
    "discountMessage": "div[data-test='cart-coupon']",
    "productTitle": "h5[data-test='cart-item-product-title']",
    "customerSection": "div[ui-view='customer']",
    "shippingSection": "div[ui-view='shipping']",
    "billingSection": "div[ui-view='billing']",
    "paymentSection": "div[ui-view='payment']",
    "emailField": "input#email",
    "guestCustomerSectionForm": "form#checkout-customer-guest",
    "shippingFormButton": "#checkout-shipping-continue",
    "country": "#countryCodeInput",
    "firstName": "#firstNameInput",
    "firstNameError": "ul[data-test='firstNameInput-errors']>li>label",
    "lastName": "#lastNameInput",
    "lastNameError": "ul[data-test='lastNameInput-errors']>li>label",
    "address": "#addressLine1Input",
    "addressError": "ul[data-test='addressLine1Input-errors']>li>label",
    "city": "#cityInput",
    "cityError": "ul[data-test='cityInput-errors']>li>label",
    "state": "#provinceCodeInput",
    "stateError": "ul[data-test='provinceCodeInput-errors']>li>label",
    "postalCode": "#postCodeInput",
    "postalCodeError": "ul[data-test='postCodeInput-errors']>li>label",
    "phone": "#phoneInput",
    "phoneError": "ul[data-test='phoneInput-errors']>li>label",
    "address2": "#addressLine2Input",
    "company": "#companyInput",
    "comment": "#order-comments",
    "billingForm": "form[name='billingCtrl.billingForm']",
    "shippingForm":"form[name='shippingCtrl.shippingForm']",
    "billingCheckbox": "input#sameAsBilling[type='checkbox']",
    "creditCardNumber": "#ccNumber",
    "creditCardNumberError": "ul[data-test='cc-number-field-error-message']>li>label",
    "creditCardExpiry": "#ccExpiry",
    "creditCardExpiryError": "ul[data-test='cc-expiry-field-error-message']>li>label",
    "creditCardName": "#ccName",
    "creditCardNameError": "ul[data-test='cc-name-field-error-message']>li>label",
    "creditCardCVV": "#ccCvv",
    "creditCardCVVError": "ul[data-test='cc-cvv-field-error-message']>li>label",
    "paymentForm": "form[data-test='payment-form']",
    "signInButton": "#checkout-customer-login",
    "passwordField": "input#password",
    "signInForm": "form#checkout-customer-returning",
    "addressList": "div.dropdown--select",
    "subtotalPrice": "[data-test=cart-subtotal] > .cart-priceItem > .cart-priceItem-value > [data-test=cart-price-value]",
    "shippingMethods": "ul.form-checklist",
    "shippingMethodsList": "ul.form-checklist input[type='radio']",
    "shippingMethodPrice": "ul.form-checklist li span.shippingOption-price",
    "taxPrice": "[data-test=cart-taxes] > .cart-priceItem > .cart-priceItem-value > [data-test=cart-price-value]",
    "totalPrice": "[data-test=cart-total] > .cart-priceItem > .cart-priceItem-value > [data-test=cart-price-value]",
    "discountPrice": "[data-test=cart-coupon] > .cart-priceItem > .cart-priceItem-value > [data-test=cart-price-value]"

}